{"Game":"Stellaris","IsSelected":true,"MergedFolderName":null,"ModNames":["!!Ariphaos Unofficial Patch (3.0)","Gigastructural Engineering & More (3.0)","Rich Galaxy","12 slot Ascension perk","Zer0's Infinity Stones 3.0","Faster Galactic Community","Humanoid Dark Ships Redux","Machine Shipset","Auto Auto-Explore","SpeedDial","UI Overhaul Dynamic","UI Overhaul Dynamic + SpeedDial","UI Overhaul Dynamic - Checksum Schism Version","!!!Universal Resource Patch [2.4+]"],"Mods":["mod/ugc_1995601384.mod","mod/ugc_1121692237.mod","mod/ugc_1585309661.mod","mod/ugc_1348876762.mod","mod/ugc_2459872857.mod","mod/ugc_2559962615.mod","mod/ugc_1511046299.mod","mod/ugc_2077186491.mod","mod/ugc_785299768.mod","mod/ugc_908639878.mod","mod/ugc_1623423360.mod","mod/ugc_1649442597.mod","mod/ugc_1880893750.mod","mod/ugc_1595876588.mod"],"Name":"Multiplayer - No Extras","PatchModEnabled":true}