{"Game":"Stellaris","IsSelected":true,"MergedFolderName":null,"ModNames":["All Leviathans Spawns","Gigastructural Engineering & More (3.4)","Rich Galaxy","12 slot Ascension perk","Zer0's Infinity Stones 3.0","Expanded Starbases","Starbase Buildings and Modules","Improved Gaia Worlds","Faster Galactic Community","Cosmic's Tweaks","36 Building Slots","Tiny Outliner v2","Tiny Megastructures","UI Black Acid","UI Overhaul Dynamic","UI Overhaul Dynamic - Checksum Schism Version","UI Overhaul Dynamic + Tiny Outliner v2","UI Black Acid Overhaul Dynamic","!!!Universal Resource Patch [2.4+]","!!Universal Modifier Patch (3.4.*)","Advisor Voices","! Immersive Beautiful Universe !","! Immersive Simple map UI !","IBU hyperlane fix"],"Mods":["mod/ugc_2481973185.mod","mod/ugc_1121692237.mod","mod/ugc_1585309661.mod","mod/ugc_1348876762.mod","mod/ugc_2459872857.mod","mod/ugc_1359700418.mod","mod/ugc_1834615504.mod","mod/Improved Gaia Worlds.mod","mod/ugc_2559962615.mod","mod/Cosmic's Tweaks.mod","mod/ugc_1630649870.mod","mod/ugc_1610578060.mod","mod/ugc_2432560341.mod","mod/ugc_2016399321.mod","mod/ugc_1623423360.mod","mod/ugc_1880893750.mod","mod/ugc_1628912584.mod","mod/ugc_2591847435.mod","mod/ugc_1595876588.mod","mod/ugc_1688887083.mod","mod/Advisor Voices.mod","mod/ugc_2407436476.mod","mod/ugc_2409044128.mod","mod/ugc_2807271222.mod"],"Name":"Multiplayer","PatchModEnabled":false}