{"Game":"Stellaris","IsSelected":true,"MergedFolderName":null,"ModNames":["All Leviathans Spawns","Gigastructural Engineering & More (3.4)","Rich Galaxy","12 slot Ascension perk","Zer0's Infinity Stones 3.0","Improved Gaia Worlds","Faster Galactic Community","36 Building Slots","Tiny Outliner v2","Tiny Megastructures","UI Overhaul Dynamic","UI Overhaul Dynamic - Checksum Schism Version","UI Overhaul Dynamic + Tiny Outliner v2","!!!Universal Resource Patch [2.4+]"],"Mods":["mod/ugc_2481973185.mod","mod/ugc_1121692237.mod","mod/ugc_1585309661.mod","mod/ugc_1348876762.mod","mod/ugc_2459872857.mod","mod/Improved Gaia Worlds.mod","mod/ugc_2559962615.mod","mod/ugc_1630649870.mod","mod/ugc_1610578060.mod","mod/ugc_2432560341.mod","mod/ugc_1623423360.mod","mod/ugc_1880893750.mod","mod/ugc_1628912584.mod","mod/ugc_1595876588.mod"],"Name":"Multiplayer","PatchModEnabled":false}