{"Game":"Stellaris","IsSelected":true,"MergedFolderName":null,"ModNames":["!!Ariphaos Unofficial Patch (3.2)","Rich Galaxy","Gigastructural Engineering & More (3.2)","All Leviathans Spawns","12 slot Ascension perk","Zer0's Infinity Stones 3.0","Faster Galactic Community","UI Overhaul Dynamic","36 Building Slots","Shut Up, We Don't Care! (3.0)","UI Overhaul Dynamic - Checksum Schism Version","!!!Universal Resource Patch [2.4+]"],"Mods":["mod/ugc_1995601384.mod","mod/ugc_1585309661.mod","mod/ugc_1121692237.mod","mod/ugc_2481973185.mod","mod/ugc_1348876762.mod","mod/ugc_2459872857.mod","mod/ugc_2559962615.mod","mod/ugc_1623423360.mod","mod/ugc_1630649870.mod","mod/ugc_2458848549.mod","mod/ugc_1880893750.mod","mod/ugc_1595876588.mod"],"Name":"Multiplayer - No Extras","PatchModEnabled":false}