{"Game":"Stellaris","IsSelected":true,"MergedFolderName":null,"ModIds":[{"ParadoxId":null,"SteamId":1995601384},{"ParadoxId":null,"SteamId":1712760331},{"ParadoxId":null,"SteamId":1724817916},{"ParadoxId":null,"SteamId":2268189539},{"ParadoxId":null,"SteamId":1419304439},{"ParadoxId":null,"SteamId":1121692237},{"ParadoxId":null,"SteamId":1878601358},{"ParadoxId":null,"SteamId":2627609414},{"ParadoxId":null,"SteamId":1993869579},{"ParadoxId":null,"SteamId":2916982793},{"ParadoxId":null,"SteamId":2951652477},{"ParadoxId":null,"SteamId":1999328266},{"ParadoxId":null,"SteamId":2476102240},{"ParadoxId":null,"SteamId":2786371128},{"ParadoxId":null,"SteamId":2481973185},{"ParadoxId":null,"SteamId":3040418716},{"ParadoxId":null,"SteamId":1348876762},{"ParadoxId":null,"SteamId":2459872857},{"ParadoxId":null,"SteamId":2559962615},{"ParadoxId":null,"SteamId":1868834704},{"ParadoxId":null,"SteamId":null},{"ParadoxId":null,"SteamId":1359700418},{"ParadoxId":null,"SteamId":1834615504},{"ParadoxId":null,"SteamId":1327874725},{"ParadoxId":null,"SteamId":2785809472},{"ParadoxId":null,"SteamId":1630649870},{"ParadoxId":null,"SteamId":2974063522},{"ParadoxId":null,"SteamId":2832905585},{"ParadoxId":null,"SteamId":908639878},{"ParadoxId":null,"SteamId":1741700503},{"ParadoxId":null,"SteamId":2421817796},{"ParadoxId":null,"SteamId":1290047689},{"ParadoxId":null,"SteamId":1747995732},{"ParadoxId":null,"SteamId":2024528246},{"ParadoxId":null,"SteamId":1506080933},{"ParadoxId":null,"SteamId":2407436476},{"ParadoxId":null,"SteamId":2409044128},{"ParadoxId":null,"SteamId":2552679763},{"ParadoxId":null,"SteamId":1610578060},{"ParadoxId":null,"SteamId":2807931990},{"ParadoxId":null,"SteamId":1299357479},{"ParadoxId":null,"SteamId":2432560341},{"ParadoxId":null,"SteamId":804946681},{"ParadoxId":null,"SteamId":2807539630},{"ParadoxId":null,"SteamId":1623423360},{"ParadoxId":null,"SteamId":1587178040},{"ParadoxId":null,"SteamId":1880893750},{"ParadoxId":null,"SteamId":1628912584},{"ParadoxId":null,"SteamId":1649442597},{"ParadoxId":null,"SteamId":3002188516},{"ParadoxId":null,"SteamId":1595876588},{"ParadoxId":null,"SteamId":2807271222},{"ParadoxId":null,"SteamId":2807759164},{"ParadoxId":null,"SteamId":1688887083},{"ParadoxId":null,"SteamId":null},{"ParadoxId":null,"SteamId":null},{"ParadoxId":null,"SteamId":null}],"ModNames":["~~Ariphaos Unofficial Patch (3.9)","~ StarNet AI","~ StarNet Friendship Patch","Aggressive Crisis Engine","Ancient Cache of Technologies","Gigastructural Engineering & More (3.9)","Storypack: The Nyblax and the Collector","Fatal Foundations Story Pack [3.9]","Archaeology Story Pack","Forgotten History","More Precursors","Precursor Story Pack","Origins Expanded","Ascension Perks Broadened 3.8","All Leviathans Spawns","Rich Galaxy (3.9 Simplified)","12 slot Ascension perk","Zer0's Infinity Stones 3.0","Faster Galactic Community","Galactic Market Foundation Tweak","Better Planets","Expanded Starbases","Starbase Buildings and Modules","Yet Another Galaxy Enhancement Mod","Planetary Decision Build Speed","36 Building Slots","Giant Sectors","DSKillcounter","SpeedDial","Nice Text","Starlight Keyboard Icons","Simple Leader Skill Icons","Tier Numbers: Buildings","Tier Numbers: Tech","No Names on the Map","! Immersive Beautiful Universe !","! Immersive Simple map UI !","Starlight","Tiny Outliner v2","Tiny Planetary Construction Panel","Tiny Leaders","Tiny Megastructures","Tiny Ship Components","Tiny Starbase Modules and Buildings","UI Overhaul Dynamic","Bigger Planet View","UI Overhaul Dynamic - Checksum Schism Version","UI Overhaul Dynamic + Tiny Outliner v2","UI Overhaul Dynamic + SpeedDial","UI Overhaul Dynamic + Gigastructural Engineering","!!!Universal Resource Patch [2.4+]","IBU hyperlane fix","! The Merger of Rules 3.9","!!Universal Modifier Patch (3.9.*)","Advisor Voices","Cosmic's Tweaks","Cosmic's Gigastructures Preset"],"ModPaths":null,"Mods":["mod/ugc_1995601384.mod","mod/ugc_1712760331.mod","mod/ugc_1724817916.mod","mod/ugc_2268189539.mod","mod/ugc_1419304439.mod","mod/ugc_1121692237.mod","mod/ugc_1878601358.mod","mod/ugc_2627609414.mod","mod/ugc_1993869579.mod","mod/ugc_2916982793.mod","mod/ugc_2951652477.mod","mod/ugc_1999328266.mod","mod/ugc_2476102240.mod","mod/ugc_2786371128.mod","mod/ugc_2481973185.mod","mod/ugc_3040418716.mod","mod/ugc_1348876762.mod","mod/ugc_2459872857.mod","mod/ugc_2559962615.mod","mod/ugc_1868834704.mod","mod/Better Planets.mod","mod/ugc_1359700418.mod","mod/ugc_1834615504.mod","mod/ugc_1327874725.mod","mod/ugc_2785809472.mod","mod/ugc_1630649870.mod","mod/ugc_2974063522.mod","mod/ugc_2832905585.mod","mod/ugc_908639878.mod","mod/ugc_1741700503.mod","mod/ugc_2421817796.mod","mod/ugc_1290047689.mod","mod/ugc_1747995732.mod","mod/ugc_2024528246.mod","mod/ugc_1506080933.mod","mod/ugc_2407436476.mod","mod/ugc_2409044128.mod","mod/ugc_2552679763.mod","mod/ugc_1610578060.mod","mod/ugc_2807931990.mod","mod/ugc_1299357479.mod","mod/ugc_2432560341.mod","mod/ugc_804946681.mod","mod/ugc_2807539630.mod","mod/ugc_1623423360.mod","mod/ugc_1587178040.mod","mod/ugc_1880893750.mod","mod/ugc_1628912584.mod","mod/ugc_1649442597.mod","mod/ugc_3002188516.mod","mod/ugc_1595876588.mod","mod/ugc_2807271222.mod","mod/ugc_2807759164.mod","mod/ugc_1688887083.mod","mod/Advisor Voices.mod","mod/Cosmic's Tweaks.mod","mod/Cosmic's Gigastructures Preset.mod"],"Name":"Multiplayer II","PatchModEnabled":true}