{"Game":"Stellaris","IsSelected":true,"MergedFolderName":null,"ModNames":["~~Ariphaos Unofficial Patch (3.7)","~ StarNet AI","~ StarNet Friendship Patch","Aggressive Crisis Engine","Ancient Cache of Technologies","Gigastructural Engineering & More (3.7)","Auto-Research Repeatable Targeting: Gigastructures Version","Storypack: The Nyblax and the Collector","Fatal Foundations Story Pack [3.4]","The Crimson Throng #MODJAM2022","Origins Expanded","All Leviathans Spawns","Rich Galaxy","12 slot Ascension perk","Zer0's Infinity Stones 3.0","Faster Galactic Community","Galactic Market Foundation Tweak","Expanded Starbases","Starbase Buildings and Modules","Yet Another Galaxy Enhancement Mod","New Planets and Districts","36 Building Slots","SpeedDial","DSKillcounter","Nice Text","Starlight Keyboard Icons","Simple Leader Skill Icons","Tier Numbers: Buildings","Tier Numbers: Tech","No Names on the Map","! Immersive Beautiful Universe !","! Immersive Simple map UI !","Starlight","Tiny Outliner v2","Tiny Planetary Construction Panel","Tiny Leaders","Tiny Megastructures","Tiny Ship Components","Tiny Starbase Modules and Buildings","UI Overhaul Dynamic","UI Overhaul Dynamic - Checksum Schism Version","Bigger Planet View","UI Overhaul Dynamic + Tiny Outliner v2","UI Overhaul Dynamic + SpeedDial","!!!Universal Resource Patch [2.4+]","IBU hyperlane fix","! The Merger of Rules 3.7","!!Universal Modifier Patch (3.7.*)","Cosmic's Tweaks","Advisor Voices","Cosmic's Gigastructures Preset","Disabled Origins"],"Mods":["mod/ugc_1995601384.mod","mod/ugc_1712760331.mod","mod/ugc_1724817916.mod","mod/ugc_2268189539.mod","mod/ugc_1419304439.mod","mod/ugc_1121692237.mod","mod/ugc_2733652881.mod","mod/ugc_1878601358.mod","mod/ugc_2627609414.mod","mod/ugc_2911573696.mod","mod/ugc_2476102240.mod","mod/ugc_2481973185.mod","mod/ugc_1585309661.mod","mod/ugc_1348876762.mod","mod/ugc_2459872857.mod","mod/ugc_2559962615.mod","mod/ugc_1868834704.mod","mod/ugc_1359700418.mod","mod/ugc_1834615504.mod","mod/ugc_1327874725.mod","mod/New Planets and Districts.mod","mod/ugc_1630649870.mod","mod/ugc_908639878.mod","mod/ugc_2832905585.mod","mod/ugc_1741700503.mod","mod/ugc_2421817796.mod","mod/ugc_1290047689.mod","mod/ugc_1747995732.mod","mod/ugc_2024528246.mod","mod/ugc_1506080933.mod","mod/ugc_2407436476.mod","mod/ugc_2409044128.mod","mod/ugc_2552679763.mod","mod/ugc_1610578060.mod","mod/ugc_2807931990.mod","mod/ugc_1299357479.mod","mod/ugc_2432560341.mod","mod/ugc_804946681.mod","mod/ugc_2807539630.mod","mod/ugc_1623423360.mod","mod/ugc_1880893750.mod","mod/ugc_1587178040.mod","mod/ugc_1628912584.mod","mod/ugc_1649442597.mod","mod/ugc_1595876588.mod","mod/ugc_2807271222.mod","mod/ugc_2807759164.mod","mod/ugc_1688887083.mod","mod/Cosmic's Tweaks.mod","mod/Advisor Voices.mod","mod/Cosmic's Gigastructures Preset.mod","mod/Disabled Origins.mod"],"Name":"Multiplayer II","PatchModEnabled":true}