{"Game":"Stellaris","IsSelected":true,"MergedFolderName":null,"ModNames":["!! 00 Infinite Stellaris Framework","!! 00 Performance Statistics Standalone","!! 00 Performance Plus: Late Game Booster","!! 00 Performance: Pop Manager","UI Overhaul Dynamic","SpeedDial","UI Overhaul Dynamic + SpeedDial","UI Overhaul Dynamic - Checksum Schism Version","UI Overhaul Dynamic - Extended Topbar & Modbuttons","Zeta / Map Modes","F5 is for Technology","Beautiful Universe v2.0","Hyperlane Transparency Lite","Expanded Colours [180 Colours]","Astronomical Emblem Pack","Complex Origins","Canadian Advisor Voice","Machine Shipset","!-Starbase - Extended-!","Rich Galaxy","Ruined Ecumenopolis 100%","Ancient Cache of Technologies","Guaranteed Megastructure Ruins","More Galaxy Sizes","More Galaxy Sizes (no cluster start)","Zer0's Infinity Stones: Redux","Carrying Capacity","Automatic Pop Migration","Plentiful Traditions 2.8.0","Expanded Stellaris Traditions","Traditional Trees","Unofficial Hive DLC: Forgotten Queens","UI Overhaul Dynamic + Expanded Colours","(-NSC2 Season 5-)","Gigastructural Engineering & More (2.8)","Real Space 3.7","Real Space - System Scale","Real Space - Ships in Scaling Lite","Beautiful Universe & Real Space Patch","Real Space System Scale Gigastructural Engineering Patch","Forgotten Queens+NSC2 compat patch","!habitable Structures Patch","!!!Universal Resource Patch [2.4+]"],"Mods":["mod/ugc_1943060017.mod","mod/ugc_2029267357.mod","mod/ugc_1990646390.mod","mod/ugc_1882139456.mod","mod/ugc_1623423360.mod","mod/ugc_908639878.mod","mod/ugc_1649442597.mod","mod/ugc_1880893750.mod","mod/ugc_1785149533.mod","mod/ugc_1729934604.mod","mod/ugc_1790446377.mod","mod/ugc_697938908.mod","mod/ugc_1314805272.mod","mod/ugc_682090850.mod","mod/ugc_1302897684.mod","mod/ugc_2060393654.mod","mod/ugc_1504611647.mod","mod/ugc_2077186491.mod","mod/ugc_1440941890.mod","mod/ugc_1585309661.mod","mod/ugc_1633836749.mod","mod/ugc_1419304439.mod","mod/ugc_1166034569.mod","mod/ugc_683594024.mod","mod/ugc_1330373528.mod","mod/ugc_2026769372.mod","mod/ugc_1922397818.mod","mod/ugc_1617534169.mod","mod/ugc_1311725711.mod","mod/ugc_946222466.mod","mod/ugc_1703333167.mod","mod/ugc_1715190550.mod","mod/ugc_2066393985.mod","mod/ugc_683230077.mod","mod/ugc_1121692237.mod","mod/ugc_937289339.mod","mod/ugc_1887282318.mod","mod/ugc_1915625799.mod","mod/ugc_1793798396.mod","mod/ugc_2208551616.mod","mod/ugc_2275507740.mod","mod/ugc_1636492142.mod","mod/ugc_1595876588.mod"],"Name":"Mod Collection by CosmicSkies"}